pattern,starts,middles,qualifiers,finishes
starts,Experiential truth ,nurtures ,abundance of ,marvel.
middles,Attitudinality ,unifies ,ostentatious ,choices.
qualifiers,Verdurity ,traverses ,meritorious ,harmony.
finishes,Ridiculousness ,translocates ,the barrier of ,phylogeny.
,Slamming ,verifies ,self-righteous ,disharmony.
,Chronomancy ,underlines ,collective ,plasticity.
,Spiritual calm ,destably stabilizes ,praesodynamic ,the aroundness of being.
,Nomenclature ,elicits ,autarchic ,traversal.
,Estuarity ,quinsescenates ,species specific ,scorched earth diplomacy.
,Clarity ,pan fries ,heterodynamic ,ostracism.
,Romance ,solemnifies ,obligatory ,semiotics.
,Socratic dialogue amongst the neophytes ,authenticates ,clarity within ,deconstructionism.
,The ascetic mind ,prevaricates upon ,epistemological ,post-logic.
,Atavism ,stymies ,synchronistic ,emotional residualism.
,Customer service ,presupposes ,appeasing ,escapism.
,Coffee ,collapses into ,timely ,criarchy.
,Matcha ,separates ,ungainly ,permaculture.
,Apothegmatica ,distributes widely ,unpredictable ,platitudinality.
,Citron ,appreciates ,unobtainable ,creosophy.
,Ratchetness ,beats within the heart of ,unassailable ,sesquipedalianry.
,Epistemology ,deprecates ,glassy eyed ,journalism.
,Praxis ,is a wisdom keeper of ,dishonest ,preternaturality.
,Kleptarchy ,conglomerates ,metaphysical ,glossolalia.
,Propaganda ,prevaricates about ,polemic ,idolatry.
,Abnegation ,gives meaning to ,indefatigable ,conscience confluence.
,The internet ,prevaricates upon ,boopist ,hapto-ergonomics.
,Historiography ,delineates methods within ,praesodynamic ,mental rigor.
,Synthesis ,thoroughly simplifies the core of ,factual ,spiritual fortitude.
,The spirit's spirit ,ensanguinates ,agonistic ,wisdom.
,Heterostasis ,gives blood meaning to ,hygroscopic ,secret genius.
,Mendacity ,displays ,emotionally adaptive ,inner brilliance.
,API design ,enigmatizes ,boundless ,unseen internal gift.
,Drunkenness ,fluoresces throughout ,highly descriptive ,combobulation.
,An understanding of Rabelais ,makes malleable ,location based ,transdoctrinal inference.
,Ignominy ,makes grokkable ,describably pure ,creativity.
,Theosophic engineering ,outlines ,bounded ,significance.
,Inanity ,vilifies ,unbounded ,somnambulence.
,Arrogance ,projects ,trans-boundary ,materialization.
,Reification ,somnambulates ,facile ,amalgamated distinction.
,Rapacity ,rectifies ,expedient ,generosity.
,Carbonara ,permeates ,ontogenous ,asceticism.
,Capybara ,purifies ,parallelizes ,preternaturality.
,Barratry ,satiates ,assiduous ,infinitude.
,An appreciation of the nuance of spring ,schadenfreudizes ,whole grain ,plurality.
,Celibacy ,circumnavigates ,serendipitous ,asceticism.
,Iridescence ,oxidizes ,lapidarian ,glory.
,The bomolochus ,irradiates ,manic ,inner harmony.
,Lack of standards ,clarifies ,untoward ,truism.
,General significance ,macerates ,grizzled ,horizontal scaling.
,Careful planning ,becomes avatar through ,heteroskedastic ,monopoly.
,Window shopping ,asceticizes ,geopolitical ,temerity.
,Theomancy ,recapitulates ,quasi-chaotic ,thoroughness.
,Futuristic comprehension ,drumpfs ,thoroughly delineated ,neo-Platonism.
,Big data ,salacizes ,first order ,communal introspection.
,Heteroskedasticity ,satisfies ,popular ,monosophism.
,The satiety of youthful vim ,evidentiates ,advocatory ,clemency.
,Good audio engineering ,resveratolizes unctuously via ,ergodic ,trust based economy.
,Ergodic theory ,sanctifies via ,pluripotentialistic ,the finality of death.
,The Heebie-Jeebies ,makes amends throughout ,hecatic ,polyarchy.
,Stress ,capitulates around ,atomized ,pseudoseminal initiation.
,Peridot ,trivializes ,surrealist ,apostasy.
,Geopolitics ,ensconces ,rhythmatic ,heredity.
,Entrecote ,justifies with ,dimensional ,pentatonic clarity.
,Nascent prejudice ,single bit reduces ,kyriarchic ,commensural fluidity.
,SQL ,fourier transforms ,sophist ,communological oneness.
,Consomme ,rarifies ,casual ,togetherness.
,Quintessence ,delineates by way of ,malarkical ,voluminous reaction.
,"The band ""clipping.""",placates the ,Etruscan ,joyous revelation.
,Gluten ,enjoins ,reliquary ,stimulation.
,Education ,places amongst the flowers ,obsequious ,numbing.
,Notoriety ,disenfranchises ,escapist ,exposition.
,Abstract desire ,proscribes the perimeter of ,anarchist ,intuition.
,Paul Barman ,codifies ,laproscopic ,actions.
,Iridescence ,can be seen as the facet of ,conformist ,erudacity.
,Enterity ,socializes by way of ,erudite ,namastification.
,Encephalopathy ,reclaims ,totalitarian ,agony.
,Bikeshedding ,ph neutralizes ,epistemic ,
,Reprobacy ,disintegrates ,iconoclastic ,
,Being on fleek ,calamatizes ,cromulent ,
,Nuance ,integrates ,poker faced ,
,Espresso ,reduces ,miniscule ,
,MRSA ,explores ,Manichean ,
,Heidegger ,dissociates from within ,unnecessarily materialistic ,
,The appreciation of peace ,exposes ,Hadrean ,
,Rhetting ,masticates ,prosaic ,
,Erudition ,liberates the truth of ,intraspaced ,
,Entrecote ,domesticates ,media driven ,
,Ummagumma ,variegates nominally by ,globally recognized ,
,Maserati ,"builds, using ",global ,
,Liturgy ,extrapolates by way of ,local ,
,Drunkenness ,teaches through ,post-,
,APL ,projects onto ,hyper-,
,Sigmoid activation ,enscribes throughout the ,ecto,
,Herp derpery ,vilifies immodesty by route of ,oleo-,
,Smarm ,erodes the ,supraluminal ,
,Sublime Text 3 ,imparts reality to ,normalistic ,
,Schadenfreude ,constructs with ,mendicious ,
,Flagrantism ,demarcates by way of ,trans-,
,Heteroskedacity ,,extra-,
,Scent ,,super-,
,Laconicism ,,supra-,
,Lemon Pledge ,,hygroscopic ,
,Skedascity ,,mechanistic ,
,Absinthe ,,world regarding ,
,The study of dinosaurs ,,somnolescent ,
,Skeuomorphism ,,provably optimal ,
,Autosomy ,,potential ,
,Practical economics ,,munctional ,
,Consternation ,,enthusiastic ,
,Vanilla nougat ,,,
,The physical world ,,,
,Sadness ,,,
,Chicken ,,,
,Non-judgment ,,,
,Osteomancy ,,,
,Parsimony ,,,
,Hodor ,,,
,The application of econometrics ,,,
,Salacity ,,,
,Grunge music ,,,
,Clarity ,,,
,Antagonism ,,,
,Heterodoxity ,,,
,Erudition ,,,
,Amalgamation ,,,
,Remuneration ,,,
,Primacy ,,,
,The empty set ,,,
,Bergamot marmalade ,,,
,Amelioration ,,,
,Apostasy ,,,
,Reprobacy ,,,
,Pseudoselectors ,,,
,Panda cake ,,,
,Aquaculture ,,,
,Infinity ,,,
,Rubric ,,,
,Email ,,,
,Calamity ,,,
,Loquacity ,,,
,Honesty ,,,
,Cosmology ,,,
,Aperture science ,,,
,Temporal quaquaversality ,,,
,Derrida ,,,
,Audacity ,,,
,Mellow vibe ,,,
,Prosody ,,,
,Selectivity ,,,
,Unity ,,,
,Good health ,,,
,A quantum leap ,,,
,Elision ,,,
,A clean brain ,,,
,Entreaty ,,,
,Brusque temperment ,,,
,A flexible thought pattern ,,,
,Insightful visage ,,,
,Infinitition ,,,
,Mindfulness in action ,,,
,Automated translation ,,,
,Facebook ,,,
,Compassion ,,,
,Altruism ,,,
,Totality ,,,
,Rhetorical training ,,,
,Insoucinace ,,,
,Dynamic mutative creation ,,,
,The graspably non-considerable ,,,
,Social science ,,,
,Stone age philosophy ,,,
,Interpretive dance ,,,
,Meditative physics ,,,
,Rambunctious cause ,,,
,Biology ,,,
,Multitudinality ,,,
,Nascent luminence ,,,
,True randomness ,,,
,Deconstrutionist wisdom ,,,
,Science intersecting religion ,,,
,The role of a leader ,,,
,Gnosis ,,,
,The soul of a calm person ,,,
,The idea of God ,,,
,Mechanistic reaction ,,,
,Semiotic involvement ,,,
,Innervation ,,,
,Nuclear power ,,,
,Quantum physics ,,,
,Cerebrolinguistics ,,,
,Over-reductionist delineation ,,,
,Dubstep as a metaphor for liberty ,,,
